{"ID":3,"listAttackData":[{"type":2,"delay":2.559999942779541,"distance":0.0,"start_pos":{"x":0.0,"y":0.0,"z":2.0},"end_pos":{"x":0.0,"y":2.0,"z":0.0},"speed":2.4100000858306886},{"type":2,"delay":2.559999942779541,"distance":0.0,"start_pos":{"x":0.0,"y":0.0,"z":2.0},"end_pos":{"x":0.0,"y":2.0,"z":0.0},"speed":2.4100000858306886},{"type":0,"delay":3.0399999618530275,"distance":0.0,"start_pos":{"x":0.0,"y":0.0,"z":0.0},"end_pos":{"x":0.0,"y":0.0,"z":0.0},"speed":0.0}]}